Workbook

Sheet About
A1: SYTaDC Start Year Transmission and Distribution Costs | B1: New Mexico | C1: 46185 | F1: Alabama | G1: AL
B2: =LOOKUP(B1,F1:G50,G1:G50) -> NM | F2: Alaska | G2: AK
A3: Sources: | B3: Transmission O&M Spending | F3: Arizona | G3: AZ
B4: U.S. Energy Information Administration | F4: Arkansas | G4: AR
B5: 2021 | F5: California | G5: CA
B6: Utilities continue to increase spending on the electric transmission system | F6: Colorado | G6: CO
B7: https://www.eia.gov/todayinenergy/detail.php?id=47316#:~:text=Utilities%20spent%20%2416.6%20billion%20on,7%25%20more%20than%20in%202018.&text=Power%20plants%20are%20often%20located,power%20lines%20to%20deliver%20electricity. | F7: Connecticut | G7: CT
B8: First paragraph | F8: Delaware | G8: DE
F9: Florida | G9: FL
B10: Distribution O&M Spending | F10: Georgia | G10: GA
B11: U.S. Energy Information Administration | F11: Hawaii | G11: HI
B12: 2021 | F12: Idaho | G12: ID
B13: Major utilities' spending on the electric distribution system continues to increase | F13: Illinois | G13: IL
B14: https://www.eia.gov/todayinenergy/detail.php?id=48136#:~:text=Annual%20spending%20on%20electricity%20distribution,2000%20after%20adjusting%20for%20inflation. | F14: Indiana | G14: IN
B15: First paragraph | F15: Iowa | G15: IA
F16: Kansas | G16: KS
A17: Note: | F17: Kentucky | G17: KY
F18: Louisiana | G18: LA
A19: We adjust 2021 dollars to 2012 dollars using the following conversion factor: | F19: Maine | G19: ME
A20: 0.84730413 | F20: Maryland | G20: MD
A21: See "cpi.xlsx" in the InputData folder for source information. | F21: Massachusetts | G21: MA
F22: Michigan | G22: MI
F23: Minnesota | G23: MN
F24: Mississippi | G24: MS
F25: Missouri | G25: MO
F26: Montana | G26: MT
F27: Nebraska | G27: NE
F28: Nevada | G28: NV
F29: New Hampshire | G29: NH
F30: New Jersey | G30: NJ
F31: New Mexico | G31: NM
F32: New York | G32: NY
F33: North Carolina | G33: NC
... F50: Wyoming | G50: WY

Sheet HIFLD Outputs
A1: Ranking by kvolt*miles | B1: State | C1: Abb | D1: kVolt Miles | E1: Miles | F1: Fraction kV*miles / total
A2: 1 | B2: Texas | C2: TX | D2: 12422854 | E2: 66809.842 | F2: =D2/$D$53 -> 0.084009472
A3: 2 | B3: California | C3: CA | D3: 10672018 | E3: 51067.879 | F3: =D3/$D$53 -> 0.072169455
A4: 3 | B4: Oregon | C4: OR | D4: 5571799 | E4: 20876.781 | F4: =D4/$D$53 -> 0.037679255
A5: 4 | B5: Washington | C5: WA | D5: 5407549.7 | E5: 24875.462 | F5: =D5/$D$53 -> 0.036568521
A6: 5 | B6: Ohio | C6: OH | D6: 4601291.8 | E6: 21215.997 | F6: =D6/$D$53 -> 0.031116207
A7: 6 | B7: Nevada | C7: NV | D7: 4475926.4 | E7: 12414.922 | F7: =D7/$D$53 -> 0.030268424
A8: 7 | B8: Indiana | C8: IN | D8: 4333497.1 | E8: 19235.688 | F8: =D8/$D$53 -> 0.029305247
A9: 8 | B9: Arizona | C9: AZ | D9: 4161224.3 | E9: 15442.246 | F9: =D9/$D$53 -> 0.028140253
A10: 9 | B10: Florida | C10: FL | D10: 3803657.7 | E10: 21123.461 | F10: =D10/$D$53 -> 0.025722211
A11: 10 | B11: Georgia | C11: GA | D11: 3764607.6 | E11: 19550.865 | F11: =D11/$D$53 -> 0.025458135
A12: 11 | B12: New York | C12: NY | D12: 3642095.9 | E12: 22575.592 | F12: =D12/$D$53 -> 0.024629651
A13: 12 | B13: Minnesota | C13: MN | D13: 3603526.7 | E13: 20544.868 | F13: =D13/$D$53 -> 0.024368827
... A51: 50 | B51: Hawaii | C51: HI | D51: 67983.253 | E51: 773.50391 | F51: =D51/$D$53 -> 0.00045973632
A53: Total | D53: =SUM(D2:D51) -> 1.4787444e+08 | F53: =SUM(F1:F51) -> 1

Sheet Data National
A1: BAU transmission capacity in 2010 is given in the figure caption as
A2: 150-200 million MW*miles. The graph shows the additional quantity
A3: of transmission being built in the "baseline" scenario, which extends
A4: to 2050 in the RE Futures Report. We assume the growth is linear
A5: and interpolate.
A7: Unfortunately, data are only available as a graph (not in numbers), so
A8: we must estimate by measuring pixels on the graph.
A10: 2010 Transmission (low estimate): | B10: =150*10^6 -> 150000000 | C10: MW*miles
A11: 2010 Transmission (high estimate): | B11: =200*10^6 -> 200000000 | C11: MW*miles
A12: 2010 Transmission: | B12: =AVERAGE(B10:B11) -> 175000000 | C12: MW*miles
A14: BAU New Transmission
A15: Pixels per 50 million MW*miles: | B15: 141 | C15: pixels
A16: Pixel height of new transmission: | B16: 15 | C16: pixels
A17: New transmission quantity in 2050 | B17: =B16/B15*50*10^6 -> 5319148.9 | C17: MW*miles
A32: National Data
B33: 2010 | C33: 2011 | D33: 2012 | E33: 2013 | F33: 2014 | G33: 2015 | H33: 2016 | I33: 2017 | J33: 2018 | K33: 2019 | L33: 2020 | M33: 2021 | N33: 2022 | O33: 2023 | P33: 2024 | Q33: 2025 | R33: 2026 | S33: 2027 | T33: 2028 | U33: 2029 | V33: 2030 | W33: 2031 | X33: 2032 | Y33: 2033 | Z33: 2034 | AA33: 2035 | AB33: 2036 | AC33: 2037 | AD33: 2038 | AE33: 2039 | AF33: 2040 | AG33: 2041 | AH33: 2042 | AI33: 2043 | AJ33: 2044 | AK33: 2045 | AL33: 2046 | AM33: 2047 | AN33: 2048 | AO33: 2049 | AP33: 2050
A34: BAU Transmission Capacity (MW*miles) | B34: =B12 -> 175000000 | C34: =B34+'Data National'!$B$17/(2050-2010) -> 1.7513298e+08 | D34: =C34+'Data National'!$B$17/(2050-2010) -> 1.7526596e+08 | E34: =D34+'Data National'!$B$17/(2050-2010) -> 1.7539894e+08 | F34: =E34+'Data National'!$B$17/(2050-2010) -> 1.7553191e+08 | G34: =F34+'Data National'!$B$17/(2050-2010) -> 1.7566489e+08 | H34: =G34+'Data National'!$B$17/(2050-2010) -> 1.7579787e+08 | I34: =H34+'Data National'!$B$17/(2050-2010) -> 1.7593085e+08 | J34: =I34+'Data National'!$B$17/(2050-2010) -> 1.7606383e+08 | ... AP34: =AO34+'Data National'!$B$17/(2050-2010) -> 1.8031915e+08
B36: Costs ($)
A37: Transmission OM | B37: =16600000000*About!A20 -> 1.4065249e+10
A38: Distribution OM | B38: =26100000000*About!A20 -> 2.2114638e+10
A39: Transmission Capital | B39: =23500000000*About!A20 -> 1.9911647e+10
A40: Distribution Capital | B40: =31400000000*About!A20 -> 2.660535e+10
A42: State
A43: =About!B1 -> New Mexico
A44: BTC | B44: =SUMIFS('HIFLD Outputs'!$F$2:$F$49,'HIFLD Outputs'!$B$2:$B$49,'Data National'!$A$43)*B34 -> 2814818.7 | C44: =SUMIFS('HIFLD Outputs'!$F$2:$F$49,'HIFLD Outputs'!$B$2:$B$49,'Data National'!$A$43)*C34 -> 2816957.7 | D44: =SUMIFS('HIFLD Outputs'!$F$2:$F$49,'HIFLD Outputs'!$B$2:$B$49,'Data National'!$A$43)*D34 -> 2819096.6 | E44: =SUMIFS('HIFLD Outputs'!$F$2:$F$49,'HIFLD Outputs'!$B$2:$B$49,'Data National'!$A$43)*E34 -> 2821235.5 | F44: =SUMIFS('HIFLD Outputs'!$F$2:$F$49,'HIFLD Outputs'!$B$2:$B$49,'Data National'!$A$43)*F34 -> 2823374.4 | G44: =SUMIFS('HIFLD Outputs'!$F$2:$F$49,'HIFLD Outputs'!$B$2:$B$49,'Data National'!$A$43)*G34 -> 2825513.3 | H44: =SUMIFS('HIFLD Outputs'!$F$2:$F$49,'HIFLD Outputs'!$B$2:$B$49,'Data National'!$A$43)*H34 -> 2827652.3 | I44: =SUMIFS('HIFLD Outputs'!$F$2:$F$49,'HIFLD Outputs'!$B$2:$B$49,'Data National'!$A$43)*I34 -> 2829791.2 | ... AP44: =SUMIFS('HIFLD Outputs'!$F$2:$F$49,'HIFLD Outputs'!$B$2:$B$49,'Data National'!$A$43)*AP34 -> 2900375.5
A45: Transmission OM | B45: =B37*SUMIFS('HIFLD Outputs'!$F$2:$F$49,'HIFLD Outputs'!$B$2:$B$49,$A$43) -> 2.26235e+08
A46: Distribution OM | B46: =B38*SUMIFS('HIFLD Outputs'!$F$2:$F$49,'HIFLD Outputs'!$B$2:$B$49,$A$43) -> 3.5570684e+08
A47: Transmission Capital | B47: =B39*SUMIFS('HIFLD Outputs'!$F$2:$F$49,'HIFLD Outputs'!$B$2:$B$49,$A$43) -> 3.2027244e+08
A48: Distribution Capital | B48: =B40*SUMIFS('HIFLD Outputs'!$F$2:$F$49,'HIFLD Outputs'!$B$2:$B$49,$A$43) -> 4.279385e+08

Sheet SYTaDC-Transmission OM
B1: Costs ($)
A2: Transmission OM | B2: ='Data National'!B45 -> 2.26235e+08

Sheet SYTaDC-Distribution OM
B1: Costs ($)
A2: Distribution OM | B2: ='Data National'!B46 -> 3.5570684e+08

Sheet SYTaDC-Transmission Capital
B1: Costs ($)
A2: Transmission Capital | B2: ='Data National'!B47 -> 3.2027244e+08

Sheet SYTaDC-Distribution Capital
B1: Costs ($)
A2: Distribution Capital | B2: ='Data National'!B48 -> 4.279385e+08
